Rank,Points,Tournaments,Name,Nationality,Age,Height_cm,Weight_kg,Handedness,Matches_Played
1,98715,14,Axelsen Viktor,Denmark,26,177,65,Right,100
2,90984,19,Shi Yu Qi,China,22,187,72,Right,82
3,85101,20,Ginting Anthony Sinisuka,Indonesia,28,177,64,Right,115
4,83594,19,Antonsen Anders,Denmark,29,183,68,Right,101
5,81531,19,Christie Jonatan,Indonesia,19,173,58,Right,126
6,81015,21,Naraoka Kodai,Japan,21,178,64,Right,119
7,77998,21,Li Shi Feng,China,26,173,60,Right,141
8,77948,20,Vitidsarn Kunlavut,Thailand,24,177,60,Left,111
9,77647,20,Prannoy H. S.,India,25,184,64,Right,118
10,69912,24,Loh Kean Yew,Singapore,23,169,60,Left,136
11,68296,24,Lee Zii Jia,Malaysia,28,182,68,Right,104
12,64982,27,Nishimoto Kenta,Japan,28,180,61,Right,177
13,64021,22,Sen Lakshya,India,26,175,63,Right,103
14,63499,27,Lee Cheuk Yiu,Hong Kong,29,170,60,Right,145
15,62498,31,Chou Tien Chen,Taiwan,27,179,63,Right,233
16,60771,21,Lu Guang Zu,China,23,176,66,Right,165
17,59950,21,Weng Hong Yang,China,27,180,66,Right,143
18,58735,20,Ng Tze Yong,Malaysia,22,179,68,Right,156
19,57286,30,Lin Chun-Yi,Taiwan,28,189,68,Right,224
20,55656,24,Popov Christo,France,25,178,62,Right,129
21,54581,17,Watanabe Koki,Japan,25,173,62,Right,135
22,54031,22,Tsuneyama Kanta,Japan,23,180,66,Right,120
23,53273,25,Yang Brian,Canada,29,180,65,Left,137
24,52710,29,Wang Tzu Wei,Taiwan,25,187,64,Right,183
25,52063,24,Popov Toma Junior,France,24,184,67,Right,177
26,49856,26,Ng Ka Long Angus,Hong Kong,24,181,66,Right,189
27,49723,25,Srikanth Kidambi,India,27,188,75,Right,144
28,47779,17,Gemke Rasmus,Denmark,27,172,68,Right,109
29,46429,17,Dwi Wardoyo Chico Aura,Indonesia,27,175,60,Right,74
30,44480,24,Su Li Yang,Taiwan,27,173,61,Right,187
31,43479,15,Obayashi Takuma,Japan,32,177,59,Right,103
32,41810,17,Rajawat Priyanshu,India,24,171,60,Right,113
33,41526,14,Lei Lan Xi,China,24,183,67,Right,114
34,40138,28,Lee Chia Hao,Taiwan,23,178,68,Right,178
35,39910,22,Johannesen Magnus,Denmark,27,170,59,Right,94
36,39880,21,George Kiran,India,29,173,60,Left,120
37,39621,18,Leong Jun Hao,Malaysia,25,181,59,Right,79
38,37616,21,Chi Yu Jen,Taiwan,23,184,66,Right,139
39,35776,15,Cordon Kevin,Guatemala,23,191,66,Left,79
40,35754,29,Wangcharoen Kantaphon,Thailand,28,195,69,Right,135
41,35660,12,Zhao Jun Peng,China,28,181,63,Right,82
42,35098,20,Carraggi Julien,Belgium,27,173,62,Right,136
43,34997,20,Nguyen Nhat,Ireland,23,166,58,Right,134
44,34202,21,Coelho Ygor,Brazil,26,181,61,Left,159
45,34010,23,Karunakaran Sathish,India,26,174,69,Right,168
46,33775,19,Merkle Arnaud,France,26,177,60,Right,86
47,33662,21,Caljouw Mark,Netherlands,28,175,60,Right,161
48,33540,11,Lanier Alex,France,26,178,70,Right,85
49,33309,21,Jeon Hyeok Jin,South Korea,28,185,75,Right,131
50,32810,12,Tanaka Yushi,Japan,26,180,61,Right,63
51,32467,10,Momota Kento,Japan,26,178,63,Right,77
52,32423,17,Zilberman Misha,Israel,28,173,63,Right,121
53,32423,18,Christophersen Mads,Denmark,21,169,66,Right,119
54,31410,19,Louda Jan,Czech Republic,24,176,60,Right,82
55,31248,19,Teh Jia Heng Jason,Singapore,24,179,64,Right,123
56,31059,16,Canjura Artiga Uriel Francisco,El Salvador,23,190,71,Right,129
57,29307,20,Matias Jonathan,Brazil,25,180,66,Right,138
58,29121,17,Koljonen Kalle,Finland,30,185,65,Right,82
59,28800,20,Huang Yu Kai,Taiwan,23,176,63,Right,146
60,28550,12,Takahashi Koo,Japan,29,172,58,Right,90
61,27930,18,Cheam June Wei,Malaysia,20,173,62,Right,84
62,27245,13,Farhan Alwi,Indonesia,24,175,62,Right,104
63,27149,23,Dwicahyo Ade Resky,Azerbaijan,26,192,70,Right,120
64,26500,13,Shetty Ayush,India,27,174,61,Right,93
65,26030,18,Manjunath Mithun,India,28,184,68,Right,103
66,25982,26,Abian Pablo,Spain,28,174,66,Right,187
67,24834,25,Oldorff Joakim,Finland,24,185,67,Right,181
68,24475,26,Panarin Dmitriy,Kazakhstan,24,181,66,Right,193
69,24180,23,Subramanian S.Sankar Muthusamy,India,28,178,64,Right,176
70,24058,25,Toti Giovanni,Italy,25,179,64,Right,192
71,23290,13,Wang Po-Wei,Taiwan,21,175,61,Right,63
72,23204,19,Bosniuk Danylo,Ukraine,22,182,66,Right,104
73,23200,22,Nettasinghe Viren,Sri Lanka,23,176,63,Right,151
74,22799,16,Garrido Luis Ramon,Mexico,27,172,68,Right,107
75,22772,27,Shu Howard,USA,26,171,66,Right,117
76,22700,16,Soong Joo Ven,Malaysia,28,180,66,Right,75
77,22363,18,Liao Jhuo-Fu,Taiwan,24,188,65,Right,113
78,22350,21,Le Duc Phat,Vietnam,26,180,61,Left,135
79,22220,11,Verma Sameer,India,28,178,68,Right,56
80,21910,9,Rhustavito Shesar Hiren,Indonesia,25,181,66,Right,54
81,21571,28,Schaefer Kai,Germany,27,187,69,Left,128
82,21526,12,Claerbout Lucas,France,23,180,60,Left,88
83,21303,21,Maisnam Meiraba Luwang,India,24,177,67,Right,97
84,21200,23,Nguyen Hai Dang,Vietnam,24,186,68,Left,144
85,21180,14,Dubovenko Daniil,Israel,22,182,62,Left,80
86,20977,22,Roth Fabian,Germany,27,188,66,Right,129
87,20770,13,Hatano Riku,Japan,24,180,66,Right,83
88,20313,23,Caponio Fabio,Italy,26,172,62,Right,156
89,19539,11,Chan Yin Chak,Hong Kong,27,171,61,Right,81
90,19530,19,Kuo Kuan Lin,Taiwan,27,189,68,Right,142
91,19352,26,Barth Markus,Norway,28,189,67,Right,198
92,19167,12,Gunawan Jason,Hong Kong,25,178,65,Right,101
93,19050,18,Collins-Valentine Filimon,Austria,24,177,68,Right,113
94,18970,20,Alcala Mark Shelley,USA,25,188,60,Right,106
95,18848,14,Opeyori Anuoluwapo Juwon,Nigeria,20,172,61,Right,70
96,18846,22,Penalver Luis Enrique,Spain,21,174,63,Right,151
97,18530,9,Rumbay Ikhsan Leonardo Imanuel,Indonesia,21,183,67,Right,41
98,18525,19,Huang Harry,England,22,177,63,Right,147
99,18513,8,Marcellyno Yohanes Saut,Indonesia,27,179,59,Right,63
100,18430,16,Satish Kumar Rithvik Sanjeevi,India,23,178,65,Left,78
